Accuracy,Sensitivity,Specificity,Precision,F1,AUC
0.8296470588235294,0.941674852920039,0.49415547415547423,0.8475649779525561,0.8916658974230941,0.8621476416392975
