Model,Accuracy,Sensitivity,Specificity,Precision,F1,MCC,AUC,AUPRC
LogisticRegression_ElasticNet,0.7952941176470588,0.8344267392277661,0.6751078551078551,0.8833303950951009,0.8579629629629629,0.4852924672737425,0.8200058757850799,0.922158127588462
RandomForest,0.8204183006535948,0.9668516379941284,0.38314204314204314,0.8240440658087984,0.8893588025928729,0.4529361246723296,0.8331108639050445,0.9299856098930185
